{
    "theta0": 8602.736255233349,
    "theta1": -0.0224694487220018,
    "loss": [
        1473540.225871724,
        1309362.5553272078,
        1171407.707161329,
        1055487.3139108338,
        958081.9834711816,
        876234.4488656401,
        807459.7843707065,
        749669.9621214917,
        701110.4587037483,
        660306.987081895,
        626020.7366218651,
        597210.762276979,
        573002.3810566232,
        552660.6162811853,
        535567.883379602,
        521205.2397609106,
        509136.6294979823,
        498995.644485383,
        490474.40013451834,
        483314.1878674724,
        477297.6206153015,
        472242.032854797,
        467993.9348060396,
        464424.3524178481,
        461424.91166110337,
        458904.54824745026,
        456786.7428790331,
        455007.1980902936,
        453511.8861497557,
        452255.4087552757,
        451199.6187224146,
        450312.4618198015,
        449567.0035891338,
        448940.6116036424,
        448414.2683380555
    ]
}