{
    "theta0": 7069.732979115782,
    "theta1": -0.007301147967619742,
    "loss": [
        1666581.725729745,
        1664242.7187866054,
        1661908.1927919555,
        1659578.1391614275,
        1657252.549327097,
        1654931.414737453,
        1652614.726857371,
        1650302.477168072,
        1647994.6571671013,
        1645691.258368291,
        1643392.2723017305,
        1641097.6905137354,
        1638807.5045668178,
        1636521.7060396513,
        1634240.2865270444,
        1631963.237639909,
        1629690.5510052256,
        1627422.2182660166,
        1625158.2310813146,
        1622898.5811261318,
        1620643.2600914275,
        1618392.2596840796,
        1616145.5716268541,
        1613903.1876583744,
        1611665.0995330885,
        1609431.2990212434,
        1607201.7779088505,
        1604976.527997658,
        1602755.5411051202,
        1600538.8090643652,
        1598326.3237241684,
        1596118.076948922,
        1593914.0606186008,
        1591714.2666287385,
        1589518.6868903923,
        1587327.3133301192,
        1585140.1378899394,
        1582957.1525273111,
        1580778.3492151026,
        1578603.7199415562,
        1576433.2567102655,
        1574266.9515401414,
        1572104.7964653864,
        1569946.7835354619,
        1567792.9048150617,
        1565643.1523840807,
        1563497.518337587,
        1561355.994785793,
        1559218.5738540248,
        1557085.2476826964,
        1554956.008427277,
        1552830.8482582646,
        1550709.7593611563,
        1548592.73393642,
        1546479.7641994662,
        1544370.842380617,
        1542265.9607250819,
        1540165.1114929232,
        1538068.2869590342,
        1535975.4794131054,
        1533886.6811595995,
        1531801.8845177211,
        1529721.0818213904,
        1527644.2654192129,
        1525571.4276744516,
        1523502.5609650014,
        1521437.6576833576,
        1519376.7102365915,
        1517319.7110463183,
        1515266.6525486724,
        1513217.5271942792,
        1511172.3274482258,
        1509131.045790036,
        1507093.6747136386,
        1505060.2067273434,
        1503030.6343538128,
        1501004.9501300335,
        1498983.1466072889,
        1496965.2163511328,
        1494951.1519413618,
        1492940.945971987,
        1490934.591051208,
        1488932.0798013853,
        1486933.4048590132,
        1484938.5588746916,
        1482947.5345131017,
        1480960.324452975,
        1478976.9213870717,
        1476997.3180221487,
        1475021.5070789347,
        1473049.481292105,
        1471081.2334102532,
        1469116.756195863,
        1467156.0424252867,
        1465199.0848887118,
        1463245.8763901405,
        1461296.409747359,
        1459350.677791914,
        1457408.6733690847,
        1455470.389337857,
        1453535.818570897
    ]
}